<ImportExportXml xmlns:xsi="http://www.w3.org/2001/XMLSchema-instance">
  <Entities></Entities>
  <Roles></Roles>
  <Workflows></Workflows>
  <FieldSecurityProfiles></FieldSecurityProfiles>
  <Templates />
  <EntityMaps />
  <EntityRelationships />
  <OrganizationSettings />
  <optionsets />
  <CustomControls />
  <EntityDataProviders />
  <CanvasApps>
    <CanvasApp>
      <Name>cr4e4_helpdeskapp_e8843</Name>
      <AppVersion>2024-09-14T07:01:49Z</AppVersion>
      <Status>Ready</Status>
      <CreatedByClientVersion>3.24084.21.0</CreatedByClientVersion>
      <MinClientVersion>3.24084.21.0</MinClientVersion>
      <Tags>{"primaryDeviceWidth":"1527","primaryDeviceHeight":"741","supportsPortrait":"true","supportsLandscape":"true","primaryFormFactor":"Tablet","showStatusBar":"false","publisherVersion":"3.24084.21","minimumRequiredApiVersion":"2.2.0","hasComponent":"false","hasUnlockedComponent":"false","isUnifiedRootApp":"false","sienaVersion":"20240914T070149Z-3.24084.21.0"}</Tags>
      <IsCdsUpgraded>0</IsCdsUpgraded>
      <GalleryItemId xsi:nil="true"></GalleryItemId>
      <BackgroundColor>RGBA(0,176,240,1)</BackgroundColor>
      <DisplayName>HelpDeskApp</DisplayName>
      <Description xsi:nil="true"></Description>
      <CommitMessage xsi:nil="true"></CommitMessage>
      <Publisher xsi:nil="true"></Publisher>
      <AuthorizationReferences>[]</AuthorizationReferences>
      <ConnectionReferences>{"8e1ce278-0d5a-4da2-bac0-e46710c50008":{"id":"/providers/microsoft.powerapps/apis/shared_kbsearchquery-5ff96ed6dc14e51f31-5f43a8c3ac30f8f3c1","displayName":"KBSearchQuery","iconUri":"https://az787822.vo.msecnd.net/defaulticons/api-dedicated.png","dataSources":["KBSearchQuery"],"dependencies":[],"dependents":[],"parameterHints":{},"parameterHintsV2":{},"isOnPremiseConnection":false,"bypassConsent":false,"dataSets":{},"apiTier":"Standard","actions":["Query"],"customApiLogicalName":"new_kbsearchquery","isCustomApiSolutionAware":true}}</ConnectionReferences>
      <DatabaseReferences>{"default.cds":{"databaseDetails":{"referenceType":"Environmental","environmentName":"default.cds","overrideValues":{"status":"NotSpecified","environmentVariableName":""}},"dataSources":{"Tickets":{"entitySetName":"cr4e4_tickets","logicalName":"cr4e4_ticket"}}}}</DatabaseReferences>
      <AppComponents>[]</AppComponents>
      <AppComponentDependencies>[]</AppComponentDependencies>
      <CanConsumeAppPass>0</CanConsumeAppPass>
      <CanvasAppType>0</CanvasAppType>
      <BypassConsent>0</BypassConsent>
      <AdminControlBypassConsent>0</AdminControlBypassConsent>
      <EmbeddedApp xsi:nil="true"></EmbeddedApp>
      <IntroducedVersion>1.0</IntroducedVersion>
      <CdsDependencies>{"cdsdependencies":[{"logicalname":"new_kbsearchquery","componenttype":372,"componenttypeplatformname":"connector"},{"logicalname":"cr4e4_ticket","componenttype":1}]}</CdsDependencies>
      <IsCustomizable>1</IsCustomizable>
      <BackgroundImageUri>/CanvasApps/cr4e4_helpdeskapp_e8843_BackgroundImageUri</BackgroundImageUri>
      <DocumentUri>/CanvasApps/cr4e4_helpdeskapp_e8843_DocumentUri.msapp</DocumentUri>
      <AdditionalUris>
        <AdditionalUri>/CanvasApps/cr4e4_helpdeskapp_e8843_AdditionalUris0_identity.json</AdditionalUri>
      </AdditionalUris>
    </CanvasApp>
  </CanvasApps>
  <Connectors>
    <Connector>
      <connectorid>992e2ca1-c54a-4df0-b214-8b6409bfcf45</connectorid>
      <description>A connector to Azure AI Search</description>
      <displayname>KBSearchQuery</displayname>
      <iconbrandcolor>#007ee5</iconbrandcolor>
      <name>new_kbsearchquery</name>
      <connectortype>1</connectortype>
      <openapidefinition>/Connector/new_kbsearchquery_openapidefinition.json</openapidefinition>
      <connectionparameters>/Connector/new_kbsearchquery_connectionparameters.json</connectionparameters>
      <policytemplateinstances>/Connector/new_kbsearchquery_policytemplateinstances.json</policytemplateinstances>
      <iconblob>/Connector/new_kbsearchquery_iconblob.Png</iconblob>
    </Connector>
  </Connectors>
  <Languages>
    <Language>1033</Language>
  </Languages>
</ImportExportXml>