{"swagger":"2.0","info":{"title":"KBSearchQuery","description":"A connector to Azure AI Search","version":"1.0"},"host":"ppcc-aippworkshop-svc.search.windows.net","basePath":"/","schemes":["https"],"consumes":[],"produces":[],"paths":{"/indexes/azuresql-index/docs":{"get":{"responses":{"default":{"description":"default","schema":{"type":"object","properties":{"@odata.context":{"type":"string","description":"@odata.context"},"value":{"type":"array","items":{"type":"object","properties":{"@search.score":{"type":"number","format":"float","description":"@search.score"},"Issue":{"type":"string","description":"Issue"},"IssueDate":{"type":"string","description":"IssueDate"},"IssueDescription":{"type":"string","description":"IssueDescription"},"SubmittedBy":{"type":"string","description":"SubmittedBy"},"ResolutionSteps":{"type":"string","description":"ResolutionSteps"},"AssignedTo":{"type":"string","description":"AssignedTo"},"Status":{"type":"string","description":"Status"},"TicketID":{"type":"string","description":"TicketID"}}},"description":"value"}}}}},"summary":"Query","description":"Queries an Azure AI search index","operationId":"Query","parameters":[{"name":"search","in":"query","required":false,"type":"string","default":"*"},{"name":"$select","in":"query","required":false,"type":"string","default":"Issue,IssueDescription,ResolutionSteps,AssignedTo"},{"name":"api-version","in":"query","required":true,"type":"string","default":"2024-07-01","x-ms-visibility":"internal"},{"name":"Content-Type","in":"header","required":false,"type":"string","default":"application/json"}]}}},"definitions":{},"parameters":{},"responses":{},"securityDefinitions":{"api_key":{"type":"apiKey","in":"header","name":"api-key"}},"security":[],"tags":[]}