{
  "properties": {
    "connectionReferences": {
      "shared_commondataserviceforapps": {
        "impersonation": {},
        "runtimeSource": "embedded",
        "connection": {},
        "api": {
          "name": "shared_commondataserviceforapps"
        }
      },
      "shared_teams": {
        "runtimeSource": "embedded",
        "connection": {},
        "api": {
          "name": "shared_teams"
        }
      }
    },
    "definition": {
      "$schema": "https://schema.management.azure.com/providers/Microsoft.Logic/schemas/2016-06-01/workflowdefinition.json#",
      "contentVersion": "1.0.0.0",
      "parameters": {
        "$authentication": {
          "defaultValue": {},
          "type": "SecureObject"
        },
        "$connections": {
          "defaultValue": {},
          "type": "Object"
        }
      },
      "triggers": {
        "When_a_row_is_added,_modified_or_deleted": {
          "type": "OpenApiConnectionWebhook",
          "inputs": {
            "parameters": {
              "subscriptionRequest/message": 1,
              "subscriptionRequest/entityname": "cre43_itsupporttickets",
              "subscriptionRequest/scope": 2
            },
            "host": {
              "apiId": "/providers/Microsoft.PowerApps/apis/shared_commondataserviceforapps",
              "connectionName": "shared_commondataserviceforapps",
              "operationId": "SubscribeWebhookTrigger"
            },
            "authentication": "@parameters('$authentication')"
          }
        }
      },
      "actions": {
        "Create_text_with_GPT_using_a_prompt": {
          "runAfter": {},
          "metadata": {
            "flowSystemMetadata": {
              "portalOperationId": "aibuilderpredict_customprompt",
              "portalOperationGroup": "aibuilder",
              "portalOperationApiDisplayNameOverride": "AI Builder",
              "portalOperationIconOverride": "https://content.powerapps.com/resource/makerx/static/pauto/images/designeroperations/aiBuilderNew.51dbdb6b.png",
              "portalOperationBrandColorOverride": "#0A76C4",
              "portalOperationApiTierOverride": "Standard"
            }
          },
          "type": "OpenApiConnection",
          "inputs": {
            "parameters": {
              "recordId": "e5e6bb9a-a686-4c25-bb4f-d6dbe8b10415",
              "item/requestv2/TicketDescription": "@triggerBody()?['cre43_issuedescription']"
            },
            "host": {
              "apiId": "/providers/Microsoft.PowerApps/apis/shared_commondataserviceforapps",
              "connectionName": "shared_commondataserviceforapps",
              "operationId": "aibuilderpredict_customprompt"
            },
            "authentication": "@parameters('$authentication')"
          }
        },
        "Switch": {
          "runAfter": {
            "Create_text_with_GPT_using_a_prompt": [
              "Succeeded"
            ]
          },
          "cases": {
            "Case": {
              "case": "Network",
              "actions": {
                "Post_message_in_a_chat_or_channel-copy": {
                  "type": "OpenApiConnection",
                  "inputs": {
                    "parameters": {
                      "poster": "Flow bot",
                      "location": "Channel",
                      "body/recipient/groupId": "3f12bd14-012c-4167-ad49-b48b0c0ab966",
                      "body/recipient/channelId": "19:cdc30bf8a4e44129becd9ff5565a8bf0@thread.tacv2",
                      "body/messageBody": "<p class=\"editor-paragraph\">A new network support ticket as been created:</p><p class=\"editor-paragraph\"></p><br><p class=\"editor-paragraph\">Submitted By: @{triggerBody()?['cre43_submitter']}</p><br><p class=\"editor-paragraph\">Priority: @{triggerBody()?['cre43_priority']}</p><p class=\"editor-paragraph\"></p><br><p class=\"editor-paragraph\">Description: @{triggerBody()?['cre43_issuedescription']}</p>"
                    },
                    "host": {
                      "apiId": "/providers/Microsoft.PowerApps/apis/shared_teams",
                      "connectionName": "shared_teams",
                      "operationId": "PostMessageToConversation"
                    },
                    "authentication": "@parameters('$authentication')"
                  }
                }
              }
            },
            "Case 2": {
              "case": "Software",
              "actions": {
                "Post_message_in_a_chat_or_channel-copy_1": {
                  "type": "OpenApiConnection",
                  "inputs": {
                    "parameters": {
                      "poster": "Flow bot",
                      "location": "Channel",
                      "body/recipient/groupId": "3f12bd14-012c-4167-ad49-b48b0c0ab966",
                      "body/recipient/channelId": "19:ab323bc366b1471a82d4bf3aae3e979b@thread.tacv2",
                      "body/messageBody": "<p class=\"editor-paragraph\">A new software support ticket as been created:<span></span>Submitted By: @{triggerBody()?['cre43_submitter']}</p><br><p class=\"editor-paragraph\">Priority: @{triggerBody()?['cre43_priority']}Description: @{triggerBody()?['cre43_issuedescription']}</p>"
                    },
                    "host": {
                      "apiId": "/providers/Microsoft.PowerApps/apis/shared_teams",
                      "connectionName": "shared_teams",
                      "operationId": "PostMessageToConversation"
                    },
                    "authentication": "@parameters('$authentication')"
                  }
                }
              }
            },
            "Case 3": {
              "case": "Hardware",
              "actions": {
                "Post_message_in_a_chat_or_channel-copy-copy": {
                  "type": "OpenApiConnection",
                  "inputs": {
                    "parameters": {
                      "poster": "Flow bot",
                      "location": "Channel",
                      "body/recipient/groupId": "3f12bd14-012c-4167-ad49-b48b0c0ab966",
                      "body/recipient/channelId": "19:4cda5a6e501a44a39ca130430c08de12@thread.tacv2",
                      "body/messageBody": "<p class=\"editor-paragraph\">A new hardware support network support ticket as been created:</p><p class=\"editor-paragraph\"></p><br><p class=\"editor-paragraph\">Submitted By: @{triggerBody()?['cre43_submitter']}</p><br><p class=\"editor-paragraph\">Priority: @{triggerBody()?['cre43_priority']}</p><p class=\"editor-paragraph\"></p><br><p class=\"editor-paragraph\">Description: @{triggerBody()?['cre43_issuedescription']}</p>"
                    },
                    "host": {
                      "apiId": "/providers/Microsoft.PowerApps/apis/shared_teams",
                      "connectionName": "shared_teams",
                      "operationId": "PostMessageToConversation"
                    },
                    "authentication": "@parameters('$authentication')"
                  }
                }
              }
            }
          },
          "default": {
            "actions": {
              "Post_message_in_a_chat_or_channel": {
                "type": "OpenApiConnection",
                "inputs": {
                  "parameters": {
                    "poster": "Flow bot",
                    "location": "Channel",
                    "body/recipient/groupId": "3f12bd14-012c-4167-ad49-b48b0c0ab966",
                    "body/recipient/channelId": "19:qYm1pnGDmsXP-4To77Ceau1GTNrosSu0LaGRt7Wp0ks1@thread.tacv2",
                    "body/messageBody": "<p class=\"editor-paragraph\">A new ticket as been created:<br><br>Submitted By: @{triggerBody()?['cre43_submitter']}</p><br><p class=\"editor-paragraph\">Priority: @{triggerBody()?['cre43_priority']}<span></span>Description: @{triggerBody()?['cre43_issuedescription']}</p>"
                  },
                  "host": {
                    "apiId": "/providers/Microsoft.PowerApps/apis/shared_teams",
                    "connectionName": "shared_teams",
                    "operationId": "PostMessageToConversation"
                  },
                  "authentication": "@parameters('$authentication')"
                }
              }
            }
          },
          "expression": "@body('Create_text_with_GPT_using_a_prompt')?['responsev2']?['predictionOutput']?['text']",
          "type": "Switch"
        }
      },
      "outputs": {}
    },
    "templateName": "78720f54e49444d0bd456477288a7ef7"
  },
  "schemaVersion": "1.0.0.0"
}